                  epoch,         train/box_loss,         train/cls_loss,         train/dfl_loss,   metrics/precision(B),      metrics/recall(B),       metrics/mAP50(B),    metrics/mAP50-95(B),           val/box_loss,           val/cls_loss,           val/dfl_loss,                 lr/pg0,                 lr/pg1,                 lr/pg2
                      1,                 2.9112,                 5.1122,                 4.1169,                0.00211,                0.46512,                 0.0209,                0.00439,                 2.0515,                 5.7215,                 3.7478,             7.0736e-05,             7.0736e-05,             7.0736e-05
                      2,                 2.3802,                 4.7297,                  3.402,                0.98447,                0.02326,                0.12728,                0.05404,                   1.36,                  4.842,                 2.9185,             0.00013893,             0.00013893,             0.00013893
                      3,                 1.7766,                 4.1494,                 2.6555,                0.47173,                0.37262,                0.43941,                0.27725,                 1.0954,                 3.9615,                 2.0717,             0.00020431,             0.00020431,             0.00020431
                      4,                 1.4175,                 3.6243,                 2.1565,                0.42479,                 0.7213,                0.69457,                0.43893,                 1.1269,                 3.5225,                 1.9006,             0.00020035,             0.00020035,             0.00020035
